-- SIM STATUS
INSERT INTO SIM_STATUS (ID, STATUS) VALUES (1, 'Active');
INSERT INTO SIM_STATUS (ID, STATUS) VALUES (2, 'Waiting for activation');
INSERT INTO SIM_STATUS (ID, STATUS) VALUES (3, 'Blocked');
INSERT INTO SIM_STATUS (ID, STATUS) VALUES (4, 'Deactivated');

-- COUNTRY
INSERT INTO COUNTRY (ID, NAME) VALUES (1, 'Spain');
INSERT INTO COUNTRY (ID, NAME) VALUES (2, 'UK');
INSERT INTO COUNTRY (ID, NAME) VALUES (3, 'Italy');
INSERT INTO COUNTRY (ID, NAME) VALUES (4, 'France');

-- DEVICE STATUS
INSERT INTO DEVICE_STATUS (ID, STATUS) VALUES (1, 'READY');
INSERT INTO DEVICE_STATUS (ID, STATUS) VALUES (2, 'NOT READY');

-- OPERATORS
INSERT INTO OPERATOR (ID, CODE) VALUES (1, 'Vodafone');

-- DEVICES
INSERT INTO DEVICE (ID, NAME, TEMPERATURE, DEVICE_STATUS_ID) VALUES (1, 'DEV1', -4, 1);
INSERT INTO DEVICE (ID, NAME, TEMPERATURE, DEVICE_STATUS_ID) VALUES (2, 'DEV2', -4, 2);
INSERT INTO DEVICE (ID, NAME, TEMPERATURE, DEVICE_STATUS_ID) VALUES (3, 'DEV3', 96, 2);
INSERT INTO DEVICE (ID, NAME, TEMPERATURE, DEVICE_STATUS_ID) VALUES (4, 'DEV4', 66, 1);

-- SIM
INSERT INTO SIM (ID, ICC, operator_id, country_id, sim_status_id) VALUES (1, '8912343128761726354', 1, 1, 1);
INSERT INTO SIM (ID, ICC, operator_id, country_id, sim_status_id) VALUES (2, '8962343128555526354', 1, 1, 2);
INSERT INTO SIM (ID, ICC, operator_id, country_id, sim_status_id) VALUES (3, '8922343128761726354', 1, 2, 1);
INSERT INTO SIM (ID, ICC, operator_id, country_id, sim_status_id) VALUES (4, '8992341668761726354', 1, 3, 4);
INSERT INTO SIM (ID, ICC, operator_id, country_id, sim_status_id) VALUES (5, '8982343199761726354', 1, 3, 3);
INSERT INTO SIM (ID, ICC, operator_id, country_id, sim_status_id) VALUES (6, '8954343128761726354', 1, 1, 2);

-- RELATED SIM
INSERT INTO SIM (ID, ICC, operator_id, country_id, sim_status_id) VALUES (7, '8934343888761726354', 1, 1, 2);
INSERT INTO DEVICE_SIM (DEVICE_ID, SIM_ID) VALUES (1, 7);
INSERT INTO DEVICE_SIM (DEVICE_ID, SIM_ID) VALUES (4, 6);





